<?xml version="1.0" encoding="ISO-8859-1" ?>
<link_info>
   <banner>TI ARM Linker PC v20.2.7.LTS</banner>
   <copyright>Copyright (c) 1996-2018 Texas Instruments Incorporated</copyright>
   <link_time>0x67dc3a30</link_time>
   <link_errors>0x0</link_errors>
   <output_file>Lab2.out</output_file>
   <entry_point>
      <name>_c_int00_noargs</name>
      <address>0x855</address>
   </entry_point>
   <input_file_list>
      <input_file id="fl-2">
         <path>.\</path>
         <kind>object</kind>
         <file>main.obj</file>
         <name>main.obj</name>
      </input_file>
      <input_file id="fl-3">
         <path>.\</path>
         <kind>object</kind>
         <file>tm4c123gh6pm_startup_ccs.obj</file>
         <name>tm4c123gh6pm_startup_ccs.obj</name>
      </input_file>
      <input_file id="fl-8">
         <kind>object</kind>
         <file>&lt;internal&gt;</file>
         <name>&lt;internal&gt;</name>
      </input_file>
      <input_file id="fl-be">
         <path>C:\ti\ccs1240\ccs\tools\compiler\ti-cgt-arm_20.2.7.LTS\lib\</path>
         <kind>archive</kind>
         <file>rtsv7M4_T_le_v4SPD16_eabi.lib</file>
         <name>copy_zero_init.c.obj</name>
      </input_file>
      <input_file id="fl-bf">
         <path>C:\ti\ccs1240\ccs\tools\compiler\ti-cgt-arm_20.2.7.LTS\lib\</path>
         <kind>archive</kind>
         <file>rtsv7M4_T_le_v4SPD16_eabi.lib</file>
         <name>copy_decompress_none.c.obj</name>
      </input_file>
      <input_file id="fl-c0">
         <path>C:\ti\ccs1240\ccs\tools\compiler\ti-cgt-arm_20.2.7.LTS\lib\</path>
         <kind>archive</kind>
         <file>rtsv7M4_T_le_v4SPD16_eabi.lib</file>
         <name>copy_decompress_lzss.c.obj</name>
      </input_file>
      <input_file id="fl-c1">
         <path>C:\ti\ccs1240\ccs\tools\compiler\ti-cgt-arm_20.2.7.LTS\lib\</path>
         <kind>archive</kind>
         <file>rtsv7M4_T_le_v4SPD16_eabi.lib</file>
         <name>boot_cortex_m.c.obj</name>
      </input_file>
      <input_file id="fl-c2">
         <path>C:\ti\ccs1240\ccs\tools\compiler\ti-cgt-arm_20.2.7.LTS\lib\</path>
         <kind>archive</kind>
         <file>rtsv7M4_T_le_v4SPD16_eabi.lib</file>
         <name>memcpy_t2.asm.obj</name>
      </input_file>
      <input_file id="fl-c3">
         <path>C:\ti\ccs1240\ccs\tools\compiler\ti-cgt-arm_20.2.7.LTS\lib\</path>
         <kind>archive</kind>
         <file>rtsv7M4_T_le_v4SPD16_eabi.lib</file>
         <name>memset_t2.asm.obj</name>
      </input_file>
      <input_file id="fl-c4">
         <path>C:\ti\ccs1240\ccs\tools\compiler\ti-cgt-arm_20.2.7.LTS\lib\</path>
         <kind>archive</kind>
         <file>rtsv7M4_T_le_v4SPD16_eabi.lib</file>
         <name>autoinit.c.obj</name>
      </input_file>
      <input_file id="fl-c5">
         <path>C:\ti\ccs1240\ccs\tools\compiler\ti-cgt-arm_20.2.7.LTS\lib\</path>
         <kind>archive</kind>
         <file>rtsv7M4_T_le_v4SPD16_eabi.lib</file>
         <name>pre_init.c.obj</name>
      </input_file>
      <input_file id="fl-c6">
         <path>C:\ti\ccs1240\ccs\tools\compiler\ti-cgt-arm_20.2.7.LTS\lib\</path>
         <kind>archive</kind>
         <file>rtsv7M4_T_le_v4SPD16_eabi.lib</file>
         <name>cpy_tbl.c.obj</name>
      </input_file>
      <input_file id="fl-c7">
         <path>C:\ti\ccs1240\ccs\tools\compiler\ti-cgt-arm_20.2.7.LTS\lib\</path>
         <kind>archive</kind>
         <file>rtsv7M4_T_le_v4SPD16_eabi.lib</file>
         <name>exit.c.obj</name>
      </input_file>
      <input_file id="fl-c8">
         <path>C:\ti\ccs1240\ccs\tools\compiler\ti-cgt-arm_20.2.7.LTS\lib\</path>
         <kind>archive</kind>
         <file>rtsv7M4_T_le_v4SPD16_eabi.lib</file>
         <name>_lock.c.obj</name>
      </input_file>
      <input_file id="fl-c9">
         <path>C:\ti\ccs1240\ccs\tools\compiler\ti-cgt-arm_20.2.7.LTS\lib\</path>
         <kind>archive</kind>
         <file>rtsv7M4_T_le_v4SPD16_eabi.lib</file>
         <name>args_main.c.obj</name>
      </input_file>
   </input_file_list>
   <object_component_list>
      <object_component id="oc-12">
         <name>.intvecs</name>
         <load_address>0x0</load_address>
         <run_address>0x0</run_address>
         <size>0x26c</size>
         <input_file_ref idref="fl-3"/>
      </object_component>
      <object_component id="oc-9b">
         <name>.text</name>
         <load_address>0x26c</load_address>
         <run_address>0x26c</run_address>
         <size>0x4a0</size>
         <input_file_ref idref="fl-2"/>
      </object_component>
      <object_component id="oc-3b">
         <name>.text</name>
         <load_address>0x70c</load_address>
         <run_address>0x70c</run_address>
         <size>0x9c</size>
         <input_file_ref idref="fl-c2"/>
      </object_component>
      <object_component id="oc-15">
         <name>.text:decompress:lzss:__TI_decompress_lzss</name>
         <load_address>0x7a8</load_address>
         <run_address>0x7a8</run_address>
         <size>0x68</size>
         <input_file_ref idref="fl-c0"/>
      </object_component>
      <object_component id="oc-df">
         <name>.text:__TI_auto_init_nobinit_nopinit:__TI_auto_init_nobinit_nopinit</name>
         <load_address>0x810</load_address>
         <run_address>0x810</run_address>
         <size>0x44</size>
         <input_file_ref idref="fl-c4"/>
      </object_component>
      <object_component id="oc-59">
         <name>.text:_c_int00_noargs:_c_int00_noargs</name>
         <load_address>0x854</load_address>
         <run_address>0x854</run_address>
         <size>0x34</size>
         <input_file_ref idref="fl-c1"/>
      </object_component>
      <object_component id="oc-47">
         <name>.text:decompress:ZI:__TI_zero_init_nomemset:__TI_zero_init_nomemset</name>
         <load_address>0x888</load_address>
         <run_address>0x888</run_address>
         <size>0x1c</size>
         <input_file_ref idref="fl-be"/>
      </object_component>
      <object_component id="oc-1b">
         <name>.text:decompress:none:__TI_decompress_none</name>
         <load_address>0x8a4</load_address>
         <run_address>0x8a4</run_address>
         <size>0xe</size>
         <input_file_ref idref="fl-bf"/>
      </object_component>
      <object_component id="oc-27">
         <name>.text</name>
         <load_address>0x8b2</load_address>
         <run_address>0x8b2</run_address>
         <size>0xc</size>
         <input_file_ref idref="fl-3"/>
      </object_component>
      <object_component id="oc-95">
         <name>.text:_system_pre_init</name>
         <load_address>0x8be</load_address>
         <run_address>0x8be</run_address>
         <size>0x4</size>
         <input_file_ref idref="fl-c5"/>
      </object_component>
      <object_component id="oc-d3">
         <name>.text:abort:abort</name>
         <load_address>0x8c2</load_address>
         <run_address>0x8c2</run_address>
         <size>0x4</size>
         <input_file_ref idref="fl-c7"/>
      </object_component>
      <object_component id="oc-194">
         <name>.cinit..data.load</name>
         <load_address>0x8c8</load_address>
         <run_address>0x8c8</run_address>
         <size>0x25</size>
      </object_component>
      <object_component id="oc-192">
         <name>__TI_handler_table</name>
         <load_address>0x8f0</load_address>
         <run_address>0x8f0</run_address>
         <size>0xc</size>
      </object_component>
      <object_component id="oc-195">
         <name>.cinit..bss.load</name>
         <load_address>0x900</load_address>
         <run_address>0x900</run_address>
         <size>0x8</size>
      </object_component>
      <object_component id="oc-193">
         <name>__TI_cinit_table</name>
         <load_address>0x908</load_address>
         <run_address>0x908</run_address>
         <size>0x10</size>
      </object_component>
      <object_component id="oc-cd">
         <name>.data:colour</name>
         <load_address>0x20000200</load_address>
         <run_address>0x20000200</run_address>
         <size>0x20</size>
         <input_file_ref idref="fl-2"/>
      </object_component>
      <object_component id="oc-c8">
         <name>.data:period</name>
         <load_address>0x20000220</load_address>
         <run_address>0x20000220</run_address>
         <size>0x8</size>
         <input_file_ref idref="fl-2"/>
      </object_component>
      <object_component id="oc-c4">
         <name>.data</name>
         <load_address>0x20000228</load_address>
         <run_address>0x20000228</run_address>
         <size>0x4</size>
         <input_file_ref idref="fl-2"/>
      </object_component>
      <object_component id="oc-d0">
         <name>.common:colourptr</name>
         <uninitialized>true</uninitialized>
         <run_address>0x20000238</run_address>
         <size>0x4</size>
      </object_component>
      <object_component id="oc-cb">
         <name>.common:timeptr</name>
         <uninitialized>true</uninitialized>
         <run_address>0x2000023c</run_address>
         <size>0x4</size>
      </object_component>
      <object_component id="oc-cc">
         <name>.common:LED_status_flag</name>
         <uninitialized>true</uninitialized>
         <run_address>0x20000234</run_address>
         <size>0x4</size>
      </object_component>
      <object_component id="oc-d1">
         <name>.common:LED_TOGGLE_TIMESTAMP</name>
         <uninitialized>true</uninitialized>
         <run_address>0x20000230</run_address>
         <size>0x4</size>
      </object_component>
      <object_component id="oc-c7">
         <name>.common:LED_TOGGLE_NEXT_TIMESTAMP</name>
         <uninitialized>true</uninitialized>
         <run_address>0x2000022c</run_address>
         <size>0x4</size>
      </object_component>
      <object_component id="oc-24">
         <name>.stack</name>
         <uninitialized>true</uninitialized>
         <run_address>0x20000000</run_address>
         <size>0x4</size>
         <input_file_ref idref="fl-c1"/>
      </object_component>
      <object_component id="oc-197">
         <name>.stack</name>
         <uninitialized>true</uninitialized>
         <run_address>0x20000000</run_address>
         <size>0x0</size>
      </object_component>
      <object_component id="oc-b2">
         <name>.debug_info</name>
         <load_address>0x0</load_address>
         <run_address>0x0</run_address>
         <size>0x394</size>
         <input_file_ref idref="fl-2"/>
      </object_component>
      <object_component id="oc-ce">
         <name>.debug_info</name>
         <load_address>0x394</load_address>
         <run_address>0x394</run_address>
         <size>0xf2</size>
         <input_file_ref idref="fl-2"/>
      </object_component>
      <object_component id="oc-c9">
         <name>.debug_info</name>
         <load_address>0x486</load_address>
         <run_address>0x486</run_address>
         <size>0xf2</size>
         <input_file_ref idref="fl-2"/>
      </object_component>
      <object_component id="oc-c5">
         <name>.debug_info</name>
         <load_address>0x578</load_address>
         <run_address>0x578</run_address>
         <size>0x112</size>
         <input_file_ref idref="fl-2"/>
      </object_component>
      <object_component id="oc-9c">
         <name>.debug_info</name>
         <load_address>0x68a</load_address>
         <run_address>0x68a</run_address>
         <size>0x515</size>
         <input_file_ref idref="fl-2"/>
      </object_component>
      <object_component id="oc-70">
         <name>.debug_info</name>
         <load_address>0xb9f</load_address>
         <run_address>0xb9f</run_address>
         <size>0x26b</size>
         <input_file_ref idref="fl-2"/>
      </object_component>
      <object_component id="oc-36">
         <name>.debug_info</name>
         <load_address>0xe0a</load_address>
         <run_address>0xe0a</run_address>
         <size>0x84</size>
         <input_file_ref idref="fl-2"/>
      </object_component>
      <object_component id="oc-ad">
         <name>.debug_info</name>
         <load_address>0xe8e</load_address>
         <run_address>0xe8e</run_address>
         <size>0x2a4</size>
         <input_file_ref idref="fl-2"/>
      </object_component>
      <object_component id="oc-75">
         <name>.debug_info</name>
         <load_address>0x1132</load_address>
         <run_address>0x1132</run_address>
         <size>0xbb</size>
         <input_file_ref idref="fl-2"/>
      </object_component>
      <object_component id="oc-2f">
         <name>.debug_info</name>
         <load_address>0x11ed</load_address>
         <run_address>0x11ed</run_address>
         <size>0x2d3</size>
         <input_file_ref idref="fl-3"/>
      </object_component>
      <object_component id="oc-13">
         <name>.debug_info</name>
         <load_address>0x14c0</load_address>
         <run_address>0x14c0</run_address>
         <size>0x112</size>
         <input_file_ref idref="fl-3"/>
      </object_component>
      <object_component id="oc-28">
         <name>.debug_info</name>
         <load_address>0x15d2</load_address>
         <run_address>0x15d2</run_address>
         <size>0x28e</size>
         <input_file_ref idref="fl-3"/>
      </object_component>
      <object_component id="oc-8e">
         <name>.debug_info</name>
         <load_address>0x1860</load_address>
         <run_address>0x1860</run_address>
         <size>0x2d4</size>
         <input_file_ref idref="fl-be"/>
      </object_component>
      <object_component id="oc-48">
         <name>.debug_info</name>
         <load_address>0x1b34</load_address>
         <run_address>0x1b34</run_address>
         <size>0x1d2</size>
         <input_file_ref idref="fl-be"/>
      </object_component>
      <object_component id="oc-89">
         <name>.debug_info</name>
         <load_address>0x1d06</load_address>
         <run_address>0x1d06</run_address>
         <size>0x46</size>
         <input_file_ref idref="fl-be"/>
      </object_component>
      <object_component id="oc-bb">
         <name>.debug_info</name>
         <load_address>0x1d4c</load_address>
         <run_address>0x1d4c</run_address>
         <size>0x2c</size>
         <input_file_ref idref="fl-be"/>
      </object_component>
      <object_component id="oc-46">
         <name>.debug_info</name>
         <load_address>0x1d78</load_address>
         <run_address>0x1d78</run_address>
         <size>0x2a8</size>
         <input_file_ref idref="fl-bf"/>
      </object_component>
      <object_component id="oc-1d">
         <name>.debug_info</name>
         <load_address>0x2020</load_address>
         <run_address>0x2020</run_address>
         <size>0x1ea</size>
         <input_file_ref idref="fl-bf"/>
      </object_component>
      <object_component id="oc-41">
         <name>.debug_info</name>
         <load_address>0x220a</load_address>
         <run_address>0x220a</run_address>
         <size>0x46</size>
         <input_file_ref idref="fl-bf"/>
      </object_component>
      <object_component id="oc-81">
         <name>.debug_info</name>
         <load_address>0x2250</load_address>
         <run_address>0x2250</run_address>
         <size>0x2c</size>
         <input_file_ref idref="fl-bf"/>
      </object_component>
      <object_component id="oc-7f">
         <name>.debug_info</name>
         <load_address>0x227c</load_address>
         <run_address>0x227c</run_address>
         <size>0x29e</size>
         <input_file_ref idref="fl-c0"/>
      </object_component>
      <object_component id="oc-17">
         <name>.debug_info</name>
         <load_address>0x251a</load_address>
         <run_address>0x251a</run_address>
         <size>0x250</size>
         <input_file_ref idref="fl-c0"/>
      </object_component>
      <object_component id="oc-31">
         <name>.debug_info</name>
         <load_address>0x276a</load_address>
         <run_address>0x276a</run_address>
         <size>0x60</size>
         <input_file_ref idref="fl-c0"/>
      </object_component>
      <object_component id="oc-b4">
         <name>.debug_info</name>
         <load_address>0x27ca</load_address>
         <run_address>0x27ca</run_address>
         <size>0x46</size>
         <input_file_ref idref="fl-c0"/>
      </object_component>
      <object_component id="oc-7a">
         <name>.debug_info</name>
         <load_address>0x2810</load_address>
         <run_address>0x2810</run_address>
         <size>0x39</size>
         <input_file_ref idref="fl-c0"/>
      </object_component>
      <object_component id="oc-25">
         <name>.debug_info</name>
         <load_address>0x2849</load_address>
         <run_address>0x2849</run_address>
         <size>0x10b</size>
         <input_file_ref idref="fl-c1"/>
      </object_component>
      <object_component id="oc-5a">
         <name>.debug_info</name>
         <load_address>0x2954</load_address>
         <run_address>0x2954</run_address>
         <size>0x1a9</size>
         <input_file_ref idref="fl-c1"/>
      </object_component>
      <object_component id="oc-3e">
         <name>.debug_info</name>
         <load_address>0x2afd</load_address>
         <run_address>0x2afd</run_address>
         <size>0x119</size>
         <input_file_ref idref="fl-c2"/>
      </object_component>
      <object_component id="oc-124">
         <name>.debug_info</name>
         <load_address>0x2c16</load_address>
         <run_address>0x2c16</run_address>
         <size>0x4b3</size>
         <input_file_ref idref="fl-c4"/>
      </object_component>
      <object_component id="oc-e3">
         <name>.debug_info</name>
         <load_address>0x30c9</load_address>
         <run_address>0x30c9</run_address>
         <size>0x1a6</size>
         <input_file_ref idref="fl-c4"/>
      </object_component>
      <object_component id="oc-149">
         <name>.debug_info</name>
         <load_address>0x326f</load_address>
         <run_address>0x326f</run_address>
         <size>0x39</size>
         <input_file_ref idref="fl-c4"/>
      </object_component>
      <object_component id="oc-15d">
         <name>.debug_info</name>
         <load_address>0x32a8</load_address>
         <run_address>0x32a8</run_address>
         <size>0x39</size>
         <input_file_ref idref="fl-c4"/>
      </object_component>
      <object_component id="oc-14e">
         <name>.debug_info</name>
         <load_address>0x32e1</load_address>
         <run_address>0x32e1</run_address>
         <size>0x39</size>
         <input_file_ref idref="fl-c4"/>
      </object_component>
      <object_component id="oc-153">
         <name>.debug_info</name>
         <load_address>0x331a</load_address>
         <run_address>0x331a</run_address>
         <size>0xcd</size>
         <input_file_ref idref="fl-c4"/>
      </object_component>
      <object_component id="oc-97">
         <name>.debug_info</name>
         <load_address>0x33e7</load_address>
         <run_address>0x33e7</run_address>
         <size>0x153</size>
         <input_file_ref idref="fl-c5"/>
      </object_component>
      <object_component id="oc-d6">
         <name>.debug_info</name>
         <load_address>0x353a</load_address>
         <run_address>0x353a</run_address>
         <size>0x122</size>
         <input_file_ref idref="fl-c7"/>
      </object_component>
      <object_component id="oc-198">
         <name>.debug_info</name>
         <load_address>0x365c</load_address>
         <run_address>0x365c</run_address>
         <size>0xc5</size>
      </object_component>
      <object_component id="oc-112">
         <name>.debug_line</name>
         <load_address>0x0</load_address>
         <run_address>0x0</run_address>
         <size>0x2d</size>
         <input_file_ref idref="fl-2"/>
      </object_component>
      <object_component id="oc-118">
         <name>.debug_line</name>
         <load_address>0x2d</load_address>
         <run_address>0x2d</run_address>
         <size>0x2d</size>
         <input_file_ref idref="fl-2"/>
      </object_component>
      <object_component id="oc-116">
         <name>.debug_line</name>
         <load_address>0x5a</load_address>
         <run_address>0x5a</run_address>
         <size>0x2d</size>
         <input_file_ref idref="fl-2"/>
      </object_component>
      <object_component id="oc-114">
         <name>.debug_line</name>
         <load_address>0x87</load_address>
         <run_address>0x87</run_address>
         <size>0x2d</size>
         <input_file_ref idref="fl-2"/>
      </object_component>
      <object_component id="oc-a0">
         <name>.debug_line</name>
         <load_address>0xb4</load_address>
         <run_address>0xb4</run_address>
         <size>0x1c1</size>
         <input_file_ref idref="fl-2"/>
      </object_component>
      <object_component id="oc-73">
         <name>.debug_line</name>
         <load_address>0x275</load_address>
         <run_address>0x275</run_address>
         <size>0x6f</size>
         <input_file_ref idref="fl-2"/>
      </object_component>
      <object_component id="oc-39">
         <name>.debug_line</name>
         <load_address>0x2e4</load_address>
         <run_address>0x2e4</run_address>
         <size>0x20</size>
         <input_file_ref idref="fl-2"/>
      </object_component>
      <object_component id="oc-b0">
         <name>.debug_line</name>
         <load_address>0x304</load_address>
         <run_address>0x304</run_address>
         <size>0x73</size>
         <input_file_ref idref="fl-2"/>
      </object_component>
      <object_component id="oc-78">
         <name>.debug_line</name>
         <load_address>0x377</load_address>
         <run_address>0x377</run_address>
         <size>0x70</size>
         <input_file_ref idref="fl-2"/>
      </object_component>
      <object_component id="oc-6f">
         <name>.debug_line</name>
         <load_address>0x3e7</load_address>
         <run_address>0x3e7</run_address>
         <size>0x41</size>
         <input_file_ref idref="fl-3"/>
      </object_component>
      <object_component id="oc-2e">
         <name>.debug_line</name>
         <load_address>0x428</load_address>
         <run_address>0x428</run_address>
         <size>0x41</size>
         <input_file_ref idref="fl-3"/>
      </object_component>
      <object_component id="oc-2b">
         <name>.debug_line</name>
         <load_address>0x469</load_address>
         <run_address>0x469</run_address>
         <size>0xa1</size>
         <input_file_ref idref="fl-3"/>
      </object_component>
      <object_component id="oc-c1">
         <name>.debug_line</name>
         <load_address>0x50a</load_address>
         <run_address>0x50a</run_address>
         <size>0x92</size>
         <input_file_ref idref="fl-be"/>
      </object_component>
      <object_component id="oc-4c">
         <name>.debug_line</name>
         <load_address>0x59c</load_address>
         <run_address>0x59c</run_address>
         <size>0x4c</size>
         <input_file_ref idref="fl-be"/>
      </object_component>
      <object_component id="oc-8c">
         <name>.debug_line</name>
         <load_address>0x5e8</load_address>
         <run_address>0x5e8</run_address>
         <size>0x34</size>
         <input_file_ref idref="fl-be"/>
      </object_component>
      <object_component id="oc-be">
         <name>.debug_line</name>
         <load_address>0x61c</load_address>
         <run_address>0x61c</run_address>
         <size>0x92</size>
         <input_file_ref idref="fl-be"/>
      </object_component>
      <object_component id="oc-87">
         <name>.debug_line</name>
         <load_address>0x6ae</load_address>
         <run_address>0x6ae</run_address>
         <size>0x20</size>
         <input_file_ref idref="fl-bf"/>
      </object_component>
      <object_component id="oc-20">
         <name>.debug_line</name>
         <load_address>0x6ce</load_address>
         <run_address>0x6ce</run_address>
         <size>0x55</size>
         <input_file_ref idref="fl-bf"/>
      </object_component>
      <object_component id="oc-44">
         <name>.debug_line</name>
         <load_address>0x723</load_address>
         <run_address>0x723</run_address>
         <size>0x3a</size>
         <input_file_ref idref="fl-bf"/>
      </object_component>
      <object_component id="oc-84">
         <name>.debug_line</name>
         <load_address>0x75d</load_address>
         <run_address>0x75d</run_address>
         <size>0x92</size>
         <input_file_ref idref="fl-bf"/>
      </object_component>
      <object_component id="oc-ba">
         <name>.debug_line</name>
         <load_address>0x7ef</load_address>
         <run_address>0x7ef</run_address>
         <size>0x20</size>
         <input_file_ref idref="fl-c0"/>
      </object_component>
      <object_component id="oc-16">
         <name>.debug_line</name>
         <load_address>0x80f</load_address>
         <run_address>0x80f</run_address>
         <size>0xa9</size>
         <input_file_ref idref="fl-c0"/>
      </object_component>
      <object_component id="oc-34">
         <name>.debug_line</name>
         <load_address>0x8b8</load_address>
         <run_address>0x8b8</run_address>
         <size>0x3a</size>
         <input_file_ref idref="fl-c0"/>
      </object_component>
      <object_component id="oc-b7">
         <name>.debug_line</name>
         <load_address>0x8f2</load_address>
         <run_address>0x8f2</run_address>
         <size>0x9a</size>
         <input_file_ref idref="fl-c0"/>
      </object_component>
      <object_component id="oc-7d">
         <name>.debug_line</name>
         <load_address>0x98c</load_address>
         <run_address>0x98c</run_address>
         <size>0x96</size>
         <input_file_ref idref="fl-c0"/>
      </object_component>
      <object_component id="oc-6c">
         <name>.debug_line</name>
         <load_address>0xa22</load_address>
         <run_address>0xa22</run_address>
         <size>0x33</size>
         <input_file_ref idref="fl-c1"/>
      </object_component>
      <object_component id="oc-5e">
         <name>.debug_line</name>
         <load_address>0xa55</load_address>
         <run_address>0xa55</run_address>
         <size>0x45</size>
         <input_file_ref idref="fl-c1"/>
      </object_component>
      <object_component id="oc-3d">
         <name>.debug_line</name>
         <load_address>0xa9a</load_address>
         <run_address>0xa9a</run_address>
         <size>0x88</size>
         <input_file_ref idref="fl-c2"/>
      </object_component>
      <object_component id="oc-148">
         <name>.debug_line</name>
         <load_address>0xb22</load_address>
         <run_address>0xb22</run_address>
         <size>0xbf</size>
         <input_file_ref idref="fl-c4"/>
      </object_component>
      <object_component id="oc-e1">
         <name>.debug_line</name>
         <load_address>0xbe1</load_address>
         <run_address>0xbe1</run_address>
         <size>0x6f</size>
         <input_file_ref idref="fl-c4"/>
      </object_component>
      <object_component id="oc-14c">
         <name>.debug_line</name>
         <load_address>0xc50</load_address>
         <run_address>0xc50</run_address>
         <size>0x2e</size>
         <input_file_ref idref="fl-c4"/>
      </object_component>
      <object_component id="oc-160">
         <name>.debug_line</name>
         <load_address>0xc7e</load_address>
         <run_address>0xc7e</run_address>
         <size>0x9a</size>
         <input_file_ref idref="fl-c4"/>
      </object_component>
      <object_component id="oc-151">
         <name>.debug_line</name>
         <load_address>0xd18</load_address>
         <run_address>0xd18</run_address>
         <size>0x97</size>
         <input_file_ref idref="fl-c4"/>
      </object_component>
      <object_component id="oc-156">
         <name>.debug_line</name>
         <load_address>0xdaf</load_address>
         <run_address>0xdaf</run_address>
         <size>0x93</size>
         <input_file_ref idref="fl-c4"/>
      </object_component>
      <object_component id="oc-9a">
         <name>.debug_line</name>
         <load_address>0xe42</load_address>
         <run_address>0xe42</run_address>
         <size>0x40</size>
         <input_file_ref idref="fl-c5"/>
      </object_component>
      <object_component id="oc-d8">
         <name>.debug_line</name>
         <load_address>0xe82</load_address>
         <run_address>0xe82</run_address>
         <size>0x3c</size>
         <input_file_ref idref="fl-c7"/>
      </object_component>
      <object_component id="oc-9f">
         <name>.debug_frame</name>
         <load_address>0x0</load_address>
         <run_address>0x0</run_address>
         <size>0xf8</size>
         <input_file_ref idref="fl-2"/>
      </object_component>
      <object_component id="oc-2c">
         <name>.debug_frame</name>
         <load_address>0xf8</load_address>
         <run_address>0xf8</run_address>
         <size>0x90</size>
         <input_file_ref idref="fl-3"/>
      </object_component>
      <object_component id="oc-4b">
         <name>.debug_frame</name>
         <load_address>0x188</load_address>
         <run_address>0x188</run_address>
         <size>0x54</size>
         <input_file_ref idref="fl-be"/>
      </object_component>
      <object_component id="oc-1c">
         <name>.debug_frame</name>
         <load_address>0x1dc</load_address>
         <run_address>0x1dc</run_address>
         <size>0x54</size>
         <input_file_ref idref="fl-bf"/>
      </object_component>
      <object_component id="oc-1a">
         <name>.debug_frame</name>
         <load_address>0x230</load_address>
         <run_address>0x230</run_address>
         <size>0x60</size>
         <input_file_ref idref="fl-c0"/>
      </object_component>
      <object_component id="oc-5d">
         <name>.debug_frame</name>
         <load_address>0x290</load_address>
         <run_address>0x290</run_address>
         <size>0x50</size>
         <input_file_ref idref="fl-c1"/>
      </object_component>
      <object_component id="oc-e0">
         <name>.debug_frame</name>
         <load_address>0x2e0</load_address>
         <run_address>0x2e0</run_address>
         <size>0x5c</size>
         <input_file_ref idref="fl-c4"/>
      </object_component>
      <object_component id="oc-96">
         <name>.debug_frame</name>
         <load_address>0x33c</load_address>
         <run_address>0x33c</run_address>
         <size>0x54</size>
         <input_file_ref idref="fl-c5"/>
      </object_component>
      <object_component id="oc-d4">
         <name>.debug_frame</name>
         <load_address>0x390</load_address>
         <run_address>0x390</run_address>
         <size>0x54</size>
         <input_file_ref idref="fl-c7"/>
      </object_component>
      <object_component id="oc-111">
         <name>.debug_abbrev</name>
         <load_address>0x0</load_address>
         <run_address>0x0</run_address>
         <size>0x58</size>
         <input_file_ref idref="fl-2"/>
      </object_component>
      <object_component id="oc-117">
         <name>.debug_abbrev</name>
         <load_address>0x58</load_address>
         <run_address>0x58</run_address>
         <size>0x29</size>
         <input_file_ref idref="fl-2"/>
      </object_component>
      <object_component id="oc-115">
         <name>.debug_abbrev</name>
         <load_address>0x81</load_address>
         <run_address>0x81</run_address>
         <size>0x29</size>
         <input_file_ref idref="fl-2"/>
      </object_component>
      <object_component id="oc-113">
         <name>.debug_abbrev</name>
         <load_address>0xaa</load_address>
         <run_address>0xaa</run_address>
         <size>0x29</size>
         <input_file_ref idref="fl-2"/>
      </object_component>
      <object_component id="oc-d2">
         <name>.debug_abbrev</name>
         <load_address>0xd3</load_address>
         <run_address>0xd3</run_address>
         <size>0xa9</size>
         <input_file_ref idref="fl-2"/>
      </object_component>
      <object_component id="oc-72">
         <name>.debug_abbrev</name>
         <load_address>0x17c</load_address>
         <run_address>0x17c</run_address>
         <size>0x69</size>
         <input_file_ref idref="fl-2"/>
      </object_component>
      <object_component id="oc-38">
         <name>.debug_abbrev</name>
         <load_address>0x1e5</load_address>
         <run_address>0x1e5</run_address>
         <size>0x1f</size>
         <input_file_ref idref="fl-2"/>
      </object_component>
      <object_component id="oc-af">
         <name>.debug_abbrev</name>
         <load_address>0x204</load_address>
         <run_address>0x204</run_address>
         <size>0x5c</size>
         <input_file_ref idref="fl-2"/>
      </object_component>
      <object_component id="oc-77">
         <name>.debug_abbrev</name>
         <load_address>0x260</load_address>
         <run_address>0x260</run_address>
         <size>0x24</size>
         <input_file_ref idref="fl-2"/>
      </object_component>
      <object_component id="oc-6e">
         <name>.debug_abbrev</name>
         <load_address>0x284</load_address>
         <run_address>0x284</run_address>
         <size>0x68</size>
         <input_file_ref idref="fl-3"/>
      </object_component>
      <object_component id="oc-2d">
         <name>.debug_abbrev</name>
         <load_address>0x2ec</load_address>
         <run_address>0x2ec</run_address>
         <size>0x29</size>
         <input_file_ref idref="fl-3"/>
      </object_component>
      <object_component id="oc-6d">
         <name>.debug_abbrev</name>
         <load_address>0x315</load_address>
         <run_address>0x315</run_address>
         <size>0x79</size>
         <input_file_ref idref="fl-3"/>
      </object_component>
      <object_component id="oc-c0">
         <name>.debug_abbrev</name>
         <load_address>0x38e</load_address>
         <run_address>0x38e</run_address>
         <size>0x5d</size>
         <input_file_ref idref="fl-be"/>
      </object_component>
      <object_component id="oc-88">
         <name>.debug_abbrev</name>
         <load_address>0x3eb</load_address>
         <run_address>0x3eb</run_address>
         <size>0x6f</size>
         <input_file_ref idref="fl-be"/>
      </object_component>
      <object_component id="oc-8b">
         <name>.debug_abbrev</name>
         <load_address>0x45a</load_address>
         <run_address>0x45a</run_address>
         <size>0x24</size>
         <input_file_ref idref="fl-be"/>
      </object_component>
      <object_component id="oc-bd">
         <name>.debug_abbrev</name>
         <load_address>0x47e</load_address>
         <run_address>0x47e</run_address>
         <size>0x24</size>
         <input_file_ref idref="fl-be"/>
      </object_component>
      <object_component id="oc-86">
         <name>.debug_abbrev</name>
         <load_address>0x4a2</load_address>
         <run_address>0x4a2</run_address>
         <size>0x37</size>
         <input_file_ref idref="fl-bf"/>
      </object_component>
      <object_component id="oc-40">
         <name>.debug_abbrev</name>
         <load_address>0x4d9</load_address>
         <run_address>0x4d9</run_address>
         <size>0x74</size>
         <input_file_ref idref="fl-bf"/>
      </object_component>
      <object_component id="oc-43">
         <name>.debug_abbrev</name>
         <load_address>0x54d</load_address>
         <run_address>0x54d</run_address>
         <size>0x24</size>
         <input_file_ref idref="fl-bf"/>
      </object_component>
      <object_component id="oc-83">
         <name>.debug_abbrev</name>
         <load_address>0x571</load_address>
         <run_address>0x571</run_address>
         <size>0x24</size>
         <input_file_ref idref="fl-bf"/>
      </object_component>
      <object_component id="oc-b9">
         <name>.debug_abbrev</name>
         <load_address>0x595</load_address>
         <run_address>0x595</run_address>
         <size>0x37</size>
         <input_file_ref idref="fl-c0"/>
      </object_component>
      <object_component id="oc-30">
         <name>.debug_abbrev</name>
         <load_address>0x5cc</load_address>
         <run_address>0x5cc</run_address>
         <size>0x6f</size>
         <input_file_ref idref="fl-c0"/>
      </object_component>
      <object_component id="oc-33">
         <name>.debug_abbrev</name>
         <load_address>0x63b</load_address>
         <run_address>0x63b</run_address>
         <size>0x24</size>
         <input_file_ref idref="fl-c0"/>
      </object_component>
      <object_component id="oc-b6">
         <name>.debug_abbrev</name>
         <load_address>0x65f</load_address>
         <run_address>0x65f</run_address>
         <size>0x35</size>
         <input_file_ref idref="fl-c0"/>
      </object_component>
      <object_component id="oc-7c">
         <name>.debug_abbrev</name>
         <load_address>0x694</load_address>
         <run_address>0x694</run_address>
         <size>0x24</size>
         <input_file_ref idref="fl-c0"/>
      </object_component>
      <object_component id="oc-6b">
         <name>.debug_abbrev</name>
         <load_address>0x6b8</load_address>
         <run_address>0x6b8</run_address>
         <size>0x29</size>
         <input_file_ref idref="fl-c1"/>
      </object_component>
      <object_component id="oc-a4">
         <name>.debug_abbrev</name>
         <load_address>0x6e1</load_address>
         <run_address>0x6e1</run_address>
         <size>0x55</size>
         <input_file_ref idref="fl-c1"/>
      </object_component>
      <object_component id="oc-80">
         <name>.debug_abbrev</name>
         <load_address>0x736</load_address>
         <run_address>0x736</run_address>
         <size>0x3e</size>
         <input_file_ref idref="fl-c2"/>
      </object_component>
      <object_component id="oc-147">
         <name>.debug_abbrev</name>
         <load_address>0x774</load_address>
         <run_address>0x774</run_address>
         <size>0xc0</size>
         <input_file_ref idref="fl-c4"/>
      </object_component>
      <object_component id="oc-123">
         <name>.debug_abbrev</name>
         <load_address>0x834</load_address>
         <run_address>0x834</run_address>
         <size>0x7e</size>
         <input_file_ref idref="fl-c4"/>
      </object_component>
      <object_component id="oc-14b">
         <name>.debug_abbrev</name>
         <load_address>0x8b2</load_address>
         <run_address>0x8b2</run_address>
         <size>0x24</size>
         <input_file_ref idref="fl-c4"/>
      </object_component>
      <object_component id="oc-15f">
         <name>.debug_abbrev</name>
         <load_address>0x8d6</load_address>
         <run_address>0x8d6</run_address>
         <size>0x24</size>
         <input_file_ref idref="fl-c4"/>
      </object_component>
      <object_component id="oc-150">
         <name>.debug_abbrev</name>
         <load_address>0x8fa</load_address>
         <run_address>0x8fa</run_address>
         <size>0x24</size>
         <input_file_ref idref="fl-c4"/>
      </object_component>
      <object_component id="oc-155">
         <name>.debug_abbrev</name>
         <load_address>0x91e</load_address>
         <run_address>0x91e</run_address>
         <size>0x4b</size>
         <input_file_ref idref="fl-c4"/>
      </object_component>
      <object_component id="oc-c3">
         <name>.debug_abbrev</name>
         <load_address>0x969</load_address>
         <run_address>0x969</run_address>
         <size>0x55</size>
         <input_file_ref idref="fl-c5"/>
      </object_component>
      <object_component id="oc-119">
         <name>.debug_abbrev</name>
         <load_address>0x9be</load_address>
         <run_address>0x9be</run_address>
         <size>0x45</size>
         <input_file_ref idref="fl-c7"/>
      </object_component>
      <object_component id="oc-199">
         <name>.debug_abbrev</name>
         <load_address>0xa03</load_address>
         <run_address>0xa03</run_address>
         <size>0xf</size>
      </object_component>
      <object_component id="oc-74">
         <name>.debug_str</name>
         <load_address>0x0</load_address>
         <run_address>0x0</run_address>
         <size>0x2d6</size>
         <input_file_ref idref="fl-2"/>
      </object_component>
      <object_component id="oc-3a">
         <name>.debug_str</name>
         <load_address>0x2d6</load_address>
         <run_address>0x2d6</run_address>
         <size>0xfd</size>
         <input_file_ref idref="fl-2"/>
      </object_component>
      <object_component id="oc-b1">
         <name>.debug_str</name>
         <load_address>0x3d3</load_address>
         <run_address>0x3d3</run_address>
         <size>0x36c</size>
         <input_file_ref idref="fl-2"/>
      </object_component>
      <object_component id="oc-79">
         <name>.debug_str</name>
         <load_address>0x73f</load_address>
         <run_address>0x73f</run_address>
         <size>0x16e</size>
         <input_file_ref idref="fl-2"/>
      </object_component>
      <object_component id="oc-8d">
         <name>.debug_str</name>
         <load_address>0x8ad</load_address>
         <run_address>0x8ad</run_address>
         <size>0x105</size>
         <input_file_ref idref="fl-be"/>
      </object_component>
      <object_component id="oc-bf">
         <name>.debug_str</name>
         <load_address>0x9b2</load_address>
         <run_address>0x9b2</run_address>
         <size>0x140</size>
         <input_file_ref idref="fl-be"/>
      </object_component>
      <object_component id="oc-45">
         <name>.debug_str</name>
         <load_address>0xaf2</load_address>
         <run_address>0xaf2</run_address>
         <size>0x10b</size>
         <input_file_ref idref="fl-bf"/>
      </object_component>
      <object_component id="oc-85">
         <name>.debug_str</name>
         <load_address>0xbfd</load_address>
         <run_address>0xbfd</run_address>
         <size>0x140</size>
         <input_file_ref idref="fl-bf"/>
      </object_component>
      <object_component id="oc-35">
         <name>.debug_str</name>
         <load_address>0xd3d</load_address>
         <run_address>0xd3d</run_address>
         <size>0x118</size>
         <input_file_ref idref="fl-c0"/>
      </object_component>
      <object_component id="oc-b8">
         <name>.debug_str</name>
         <load_address>0xe55</load_address>
         <run_address>0xe55</run_address>
         <size>0x16b</size>
         <input_file_ref idref="fl-c0"/>
      </object_component>
      <object_component id="oc-7e">
         <name>.debug_str</name>
         <load_address>0xfc0</load_address>
         <run_address>0xfc0</run_address>
         <size>0x158</size>
         <input_file_ref idref="fl-c0"/>
      </object_component>
      <object_component id="oc-14d">
         <name>.debug_str</name>
         <load_address>0x1118</load_address>
         <run_address>0x1118</run_address>
         <size>0xed</size>
         <input_file_ref idref="fl-c4"/>
      </object_component>
      <object_component id="oc-161">
         <name>.debug_str</name>
         <load_address>0x1205</load_address>
         <run_address>0x1205</run_address>
         <size>0x157</size>
         <input_file_ref idref="fl-c4"/>
      </object_component>
      <object_component id="oc-152">
         <name>.debug_str</name>
         <load_address>0x135c</load_address>
         <run_address>0x135c</run_address>
         <size>0x150</size>
         <input_file_ref idref="fl-c4"/>
      </object_component>
      <object_component id="oc-157">
         <name>.debug_str</name>
         <load_address>0x14ac</load_address>
         <run_address>0x14ac</run_address>
         <size>0x197</size>
         <input_file_ref idref="fl-c4"/>
      </object_component>
      <object_component id="oc-9d">
         <name>.debug_aranges</name>
         <load_address>0x0</load_address>
         <run_address>0x0</run_address>
         <size>0x50</size>
         <input_file_ref idref="fl-2"/>
      </object_component>
      <object_component id="oc-29">
         <name>.debug_aranges</name>
         <load_address>0x50</load_address>
         <run_address>0x50</run_address>
         <size>0x38</size>
         <input_file_ref idref="fl-3"/>
      </object_component>
      <object_component id="oc-4a">
         <name>.debug_aranges</name>
         <load_address>0x88</load_address>
         <run_address>0x88</run_address>
         <size>0x20</size>
         <input_file_ref idref="fl-be"/>
      </object_component>
      <object_component id="oc-1e">
         <name>.debug_aranges</name>
         <load_address>0xa8</load_address>
         <run_address>0xa8</run_address>
         <size>0x20</size>
         <input_file_ref idref="fl-bf"/>
      </object_component>
      <object_component id="oc-19">
         <name>.debug_aranges</name>
         <load_address>0xc8</load_address>
         <run_address>0xc8</run_address>
         <size>0x20</size>
         <input_file_ref idref="fl-c0"/>
      </object_component>
      <object_component id="oc-5b">
         <name>.debug_aranges</name>
         <load_address>0xe8</load_address>
         <run_address>0xe8</run_address>
         <size>0x20</size>
         <input_file_ref idref="fl-c1"/>
      </object_component>
      <object_component id="oc-3c">
         <name>.debug_aranges</name>
         <load_address>0x108</load_address>
         <run_address>0x108</run_address>
         <size>0x20</size>
         <input_file_ref idref="fl-c2"/>
      </object_component>
      <object_component id="oc-e2">
         <name>.debug_aranges</name>
         <load_address>0x128</load_address>
         <run_address>0x128</run_address>
         <size>0x20</size>
         <input_file_ref idref="fl-c4"/>
      </object_component>
      <object_component id="oc-99">
         <name>.debug_aranges</name>
         <load_address>0x148</load_address>
         <run_address>0x148</run_address>
         <size>0x20</size>
         <input_file_ref idref="fl-c5"/>
      </object_component>
      <object_component id="oc-d5">
         <name>.debug_aranges</name>
         <load_address>0x168</load_address>
         <run_address>0x168</run_address>
         <size>0x20</size>
         <input_file_ref idref="fl-c7"/>
      </object_component>
      <object_component id="oc-b3">
         <name>.debug_pubnames</name>
         <load_address>0x0</load_address>
         <run_address>0x0</run_address>
         <size>0x77</size>
         <input_file_ref idref="fl-2"/>
      </object_component>
      <object_component id="oc-cf">
         <name>.debug_pubnames</name>
         <load_address>0x77</load_address>
         <run_address>0x77</run_address>
         <size>0x1d</size>
         <input_file_ref idref="fl-2"/>
      </object_component>
      <object_component id="oc-ca">
         <name>.debug_pubnames</name>
         <load_address>0x94</load_address>
         <run_address>0x94</run_address>
         <size>0x1d</size>
         <input_file_ref idref="fl-2"/>
      </object_component>
      <object_component id="oc-c6">
         <name>.debug_pubnames</name>
         <load_address>0xb1</load_address>
         <run_address>0xb1</run_address>
         <size>0x2d</size>
         <input_file_ref idref="fl-2"/>
      </object_component>
      <object_component id="oc-9e">
         <name>.debug_pubnames</name>
         <load_address>0xde</load_address>
         <run_address>0xde</run_address>
         <size>0x79</size>
         <input_file_ref idref="fl-2"/>
      </object_component>
      <object_component id="oc-14">
         <name>.debug_pubnames</name>
         <load_address>0x157</load_address>
         <run_address>0x157</run_address>
         <size>0x23</size>
         <input_file_ref idref="fl-3"/>
      </object_component>
      <object_component id="oc-2a">
         <name>.debug_pubnames</name>
         <load_address>0x17a</load_address>
         <run_address>0x17a</run_address>
         <size>0x4c</size>
         <input_file_ref idref="fl-3"/>
      </object_component>
      <object_component id="oc-49">
         <name>.debug_pubnames</name>
         <load_address>0x1c6</load_address>
         <run_address>0x1c6</run_address>
         <size>0x2e</size>
         <input_file_ref idref="fl-be"/>
      </object_component>
      <object_component id="oc-1f">
         <name>.debug_pubnames</name>
         <load_address>0x1f4</load_address>
         <run_address>0x1f4</run_address>
         <size>0x2b</size>
         <input_file_ref idref="fl-bf"/>
      </object_component>
      <object_component id="oc-18">
         <name>.debug_pubnames</name>
         <load_address>0x21f</load_address>
         <run_address>0x21f</run_address>
         <size>0x2b</size>
         <input_file_ref idref="fl-c0"/>
      </object_component>
      <object_component id="oc-26">
         <name>.debug_pubnames</name>
         <load_address>0x24a</load_address>
         <run_address>0x24a</run_address>
         <size>0x1e</size>
         <input_file_ref idref="fl-c1"/>
      </object_component>
      <object_component id="oc-5c">
         <name>.debug_pubnames</name>
         <load_address>0x268</load_address>
         <run_address>0x268</run_address>
         <size>0x26</size>
         <input_file_ref idref="fl-c1"/>
      </object_component>
      <object_component id="oc-3f">
         <name>.debug_pubnames</name>
         <load_address>0x28e</load_address>
         <run_address>0x28e</run_address>
         <size>0x1d</size>
         <input_file_ref idref="fl-c2"/>
      </object_component>
      <object_component id="oc-e4">
         <name>.debug_pubnames</name>
         <load_address>0x2ab</load_address>
         <run_address>0x2ab</run_address>
         <size>0x35</size>
         <input_file_ref idref="fl-c4"/>
      </object_component>
      <object_component id="oc-98">
         <name>.debug_pubnames</name>
         <load_address>0x2e0</load_address>
         <run_address>0x2e0</run_address>
         <size>0x27</size>
         <input_file_ref idref="fl-c5"/>
      </object_component>
      <object_component id="oc-d7">
         <name>.debug_pubnames</name>
         <load_address>0x307</load_address>
         <run_address>0x307</run_address>
         <size>0x1c</size>
         <input_file_ref idref="fl-c7"/>
      </object_component>
      <object_component id="oc-71">
         <name>.debug_pubtypes</name>
         <load_address>0x0</load_address>
         <run_address>0x0</run_address>
         <size>0x25c</size>
         <input_file_ref idref="fl-2"/>
      </object_component>
      <object_component id="oc-37">
         <name>.debug_pubtypes</name>
         <load_address>0x25c</load_address>
         <run_address>0x25c</run_address>
         <size>0xed</size>
         <input_file_ref idref="fl-2"/>
      </object_component>
      <object_component id="oc-ae">
         <name>.debug_pubtypes</name>
         <load_address>0x349</load_address>
         <run_address>0x349</run_address>
         <size>0x330</size>
         <input_file_ref idref="fl-2"/>
      </object_component>
      <object_component id="oc-76">
         <name>.debug_pubtypes</name>
         <load_address>0x679</load_address>
         <run_address>0x679</run_address>
         <size>0xaa</size>
         <input_file_ref idref="fl-2"/>
      </object_component>
      <object_component id="oc-8a">
         <name>.debug_pubtypes</name>
         <load_address>0x723</load_address>
         <run_address>0x723</run_address>
         <size>0x48</size>
         <input_file_ref idref="fl-be"/>
      </object_component>
      <object_component id="oc-bc">
         <name>.debug_pubtypes</name>
         <load_address>0x76b</load_address>
         <run_address>0x76b</run_address>
         <size>0x1d</size>
         <input_file_ref idref="fl-be"/>
      </object_component>
      <object_component id="oc-42">
         <name>.debug_pubtypes</name>
         <load_address>0x788</load_address>
         <run_address>0x788</run_address>
         <size>0x48</size>
         <input_file_ref idref="fl-bf"/>
      </object_component>
      <object_component id="oc-82">
         <name>.debug_pubtypes</name>
         <load_address>0x7d0</load_address>
         <run_address>0x7d0</run_address>
         <size>0x1d</size>
         <input_file_ref idref="fl-bf"/>
      </object_component>
      <object_component id="oc-32">
         <name>.debug_pubtypes</name>
         <load_address>0x7ed</load_address>
         <run_address>0x7ed</run_address>
         <size>0x5d</size>
         <input_file_ref idref="fl-c0"/>
      </object_component>
      <object_component id="oc-b5">
         <name>.debug_pubtypes</name>
         <load_address>0x84a</load_address>
         <run_address>0x84a</run_address>
         <size>0x48</size>
         <input_file_ref idref="fl-c0"/>
      </object_component>
      <object_component id="oc-7b">
         <name>.debug_pubtypes</name>
         <load_address>0x892</load_address>
         <run_address>0x892</run_address>
         <size>0x35</size>
         <input_file_ref idref="fl-c0"/>
      </object_component>
      <object_component id="oc-14a">
         <name>.debug_pubtypes</name>
         <load_address>0x8c7</load_address>
         <run_address>0x8c7</run_address>
         <size>0x32</size>
         <input_file_ref idref="fl-c4"/>
      </object_component>
      <object_component id="oc-15e">
         <name>.debug_pubtypes</name>
         <load_address>0x8f9</load_address>
         <run_address>0x8f9</run_address>
         <size>0x30</size>
         <input_file_ref idref="fl-c4"/>
      </object_component>
      <object_component id="oc-14f">
         <name>.debug_pubtypes</name>
         <load_address>0x929</load_address>
         <run_address>0x929</run_address>
         <size>0x2c</size>
         <input_file_ref idref="fl-c4"/>
      </object_component>
      <object_component id="oc-154">
         <name>.debug_pubtypes</name>
         <load_address>0x955</load_address>
         <run_address>0x955</run_address>
         <size>0x50</size>
         <input_file_ref idref="fl-c4"/>
      </object_component>
   </object_component_list>
   <logical_group_list>
      <logical_group id="lg-3" display="no" color="cyan">
         <name>.intvecs</name>
         <load_address>0x0</load_address>
         <run_address>0x0</run_address>
         <size>0x26c</size>
         <contents>
            <object_component_ref idref="oc-12"/>
         </contents>
      </logical_group>
      <logical_group id="lg-4" display="no" color="cyan">
         <name>.text</name>
         <load_address>0x26c</load_address>
         <run_address>0x26c</run_address>
         <size>0x65a</size>
         <contents>
            <object_component_ref idref="oc-9b"/>
            <object_component_ref idref="oc-3b"/>
            <object_component_ref idref="oc-15"/>
            <object_component_ref idref="oc-df"/>
            <object_component_ref idref="oc-59"/>
            <object_component_ref idref="oc-47"/>
            <object_component_ref idref="oc-1b"/>
            <object_component_ref idref="oc-27"/>
            <object_component_ref idref="oc-95"/>
            <object_component_ref idref="oc-d3"/>
         </contents>
      </logical_group>
      <logical_group id="lg-5" display="no" color="cyan">
         <name>.const</name>
         <run_address>0x0</run_address>
         <size>0x0</size>
         <contents>
         </contents>
      </logical_group>
      <logical_group id="lg-6" display="no" color="cyan">
         <name>.cinit</name>
         <load_address>0x8c8</load_address>
         <run_address>0x8c8</run_address>
         <size>0x50</size>
         <contents>
            <object_component_ref idref="oc-194"/>
            <object_component_ref idref="oc-192"/>
            <object_component_ref idref="oc-195"/>
            <object_component_ref idref="oc-193"/>
         </contents>
      </logical_group>
      <logical_group id="lg-7" display="no" color="cyan">
         <name>.pinit</name>
         <run_address>0x0</run_address>
         <size>0x0</size>
         <contents>
         </contents>
      </logical_group>
      <logical_group id="lg-8" display="no" color="cyan">
         <name>.init_array</name>
         <run_address>0x0</run_address>
         <size>0x0</size>
         <contents>
         </contents>
      </logical_group>
      <logical_group id="lg-9" display="no" color="cyan">
         <name>.vtable</name>
         <run_address>0x0</run_address>
         <size>0x0</size>
         <contents>
         </contents>
      </logical_group>
      <logical_group id="lg-a" display="no" color="cyan">
         <name>.data</name>
         <run_address>0x20000200</run_address>
         <size>0x2c</size>
         <contents>
            <object_component_ref idref="oc-cd"/>
            <object_component_ref idref="oc-c8"/>
            <object_component_ref idref="oc-c4"/>
         </contents>
      </logical_group>
      <logical_group id="lg-b" display="no" color="cyan">
         <name>.bss</name>
         <run_address>0x2000022c</run_address>
         <size>0x14</size>
         <contents>
            <object_component_ref idref="oc-d0"/>
            <object_component_ref idref="oc-cb"/>
            <object_component_ref idref="oc-cc"/>
            <object_component_ref idref="oc-d1"/>
            <object_component_ref idref="oc-c7"/>
         </contents>
      </logical_group>
      <logical_group id="lg-c" display="no" color="cyan">
         <name>.sysmem</name>
         <run_address>0x0</run_address>
         <size>0x0</size>
         <contents>
         </contents>
      </logical_group>
      <logical_group id="lg-d" display="no" color="cyan">
         <name>.stack</name>
         <run_address>0x20000000</run_address>
         <size>0x200</size>
         <contents>
            <object_component_ref idref="oc-24"/>
            <object_component_ref idref="oc-197"/>
         </contents>
      </logical_group>
      <logical_group id="lg-169" display="no" color="cyan">
         <name>.TI.noinit</name>
         <run_address>0x0</run_address>
         <size>0x0</size>
         <contents>
         </contents>
      </logical_group>
      <logical_group id="lg-16a" display="no" color="cyan">
         <name>.TI.persistent</name>
         <run_address>0x0</run_address>
         <size>0x0</size>
         <contents>
         </contents>
      </logical_group>
      <logical_group id="lg-16b" display="no" color="cyan">
         <name>__llvm_prf_cnts</name>
         <run_address>0x20000000</run_address>
         <size>0x0</size>
         <contents>
         </contents>
      </logical_group>
      <logical_group id="lg-17a" display="never" color="cyan">
         <name>.debug_info</name>
         <load_address>0x0</load_address>
         <run_address>0x0</run_address>
         <size>0x3721</size>
         <contents>
            <object_component_ref idref="oc-b2"/>
            <object_component_ref idref="oc-ce"/>
            <object_component_ref idref="oc-c9"/>
            <object_component_ref idref="oc-c5"/>
            <object_component_ref idref="oc-9c"/>
            <object_component_ref idref="oc-70"/>
            <object_component_ref idref="oc-36"/>
            <object_component_ref idref="oc-ad"/>
            <object_component_ref idref="oc-75"/>
            <object_component_ref idref="oc-2f"/>
            <object_component_ref idref="oc-13"/>
            <object_component_ref idref="oc-28"/>
            <object_component_ref idref="oc-8e"/>
            <object_component_ref idref="oc-48"/>
            <object_component_ref idref="oc-89"/>
            <object_component_ref idref="oc-bb"/>
            <object_component_ref idref="oc-46"/>
            <object_component_ref idref="oc-1d"/>
            <object_component_ref idref="oc-41"/>
            <object_component_ref idref="oc-81"/>
            <object_component_ref idref="oc-7f"/>
            <object_component_ref idref="oc-17"/>
            <object_component_ref idref="oc-31"/>
            <object_component_ref idref="oc-b4"/>
            <object_component_ref idref="oc-7a"/>
            <object_component_ref idref="oc-25"/>
            <object_component_ref idref="oc-5a"/>
            <object_component_ref idref="oc-3e"/>
            <object_component_ref idref="oc-124"/>
            <object_component_ref idref="oc-e3"/>
            <object_component_ref idref="oc-149"/>
            <object_component_ref idref="oc-15d"/>
            <object_component_ref idref="oc-14e"/>
            <object_component_ref idref="oc-153"/>
            <object_component_ref idref="oc-97"/>
            <object_component_ref idref="oc-d6"/>
            <object_component_ref idref="oc-198"/>
         </contents>
      </logical_group>
      <logical_group id="lg-17c" display="never" color="cyan">
         <name>.debug_line</name>
         <load_address>0x0</load_address>
         <run_address>0x0</run_address>
         <size>0xebe</size>
         <contents>
            <object_component_ref idref="oc-112"/>
            <object_component_ref idref="oc-118"/>
            <object_component_ref idref="oc-116"/>
            <object_component_ref idref="oc-114"/>
            <object_component_ref idref="oc-a0"/>
            <object_component_ref idref="oc-73"/>
            <object_component_ref idref="oc-39"/>
            <object_component_ref idref="oc-b0"/>
            <object_component_ref idref="oc-78"/>
            <object_component_ref idref="oc-6f"/>
            <object_component_ref idref="oc-2e"/>
            <object_component_ref idref="oc-2b"/>
            <object_component_ref idref="oc-c1"/>
            <object_component_ref idref="oc-4c"/>
            <object_component_ref idref="oc-8c"/>
            <object_component_ref idref="oc-be"/>
            <object_component_ref idref="oc-87"/>
            <object_component_ref idref="oc-20"/>
            <object_component_ref idref="oc-44"/>
            <object_component_ref idref="oc-84"/>
            <object_component_ref idref="oc-ba"/>
            <object_component_ref idref="oc-16"/>
            <object_component_ref idref="oc-34"/>
            <object_component_ref idref="oc-b7"/>
            <object_component_ref idref="oc-7d"/>
            <object_component_ref idref="oc-6c"/>
            <object_component_ref idref="oc-5e"/>
            <object_component_ref idref="oc-3d"/>
            <object_component_ref idref="oc-148"/>
            <object_component_ref idref="oc-e1"/>
            <object_component_ref idref="oc-14c"/>
            <object_component_ref idref="oc-160"/>
            <object_component_ref idref="oc-151"/>
            <object_component_ref idref="oc-156"/>
            <object_component_ref idref="oc-9a"/>
            <object_component_ref idref="oc-d8"/>
         </contents>
      </logical_group>
      <logical_group id="lg-17e" display="never" color="cyan">
         <name>.debug_frame</name>
         <load_address>0x0</load_address>
         <run_address>0x0</run_address>
         <size>0x3e4</size>
         <contents>
            <object_component_ref idref="oc-9f"/>
            <object_component_ref idref="oc-2c"/>
            <object_component_ref idref="oc-4b"/>
            <object_component_ref idref="oc-1c"/>
            <object_component_ref idref="oc-1a"/>
            <object_component_ref idref="oc-5d"/>
            <object_component_ref idref="oc-e0"/>
            <object_component_ref idref="oc-96"/>
            <object_component_ref idref="oc-d4"/>
         </contents>
      </logical_group>
      <logical_group id="lg-180" display="never" color="cyan">
         <name>.debug_abbrev</name>
         <load_address>0x0</load_address>
         <run_address>0x0</run_address>
         <size>0xa12</size>
         <contents>
            <object_component_ref idref="oc-111"/>
            <object_component_ref idref="oc-117"/>
            <object_component_ref idref="oc-115"/>
            <object_component_ref idref="oc-113"/>
            <object_component_ref idref="oc-d2"/>
            <object_component_ref idref="oc-72"/>
            <object_component_ref idref="oc-38"/>
            <object_component_ref idref="oc-af"/>
            <object_component_ref idref="oc-77"/>
            <object_component_ref idref="oc-6e"/>
            <object_component_ref idref="oc-2d"/>
            <object_component_ref idref="oc-6d"/>
            <object_component_ref idref="oc-c0"/>
            <object_component_ref idref="oc-88"/>
            <object_component_ref idref="oc-8b"/>
            <object_component_ref idref="oc-bd"/>
            <object_component_ref idref="oc-86"/>
            <object_component_ref idref="oc-40"/>
            <object_component_ref idref="oc-43"/>
            <object_component_ref idref="oc-83"/>
            <object_component_ref idref="oc-b9"/>
            <object_component_ref idref="oc-30"/>
            <object_component_ref idref="oc-33"/>
            <object_component_ref idref="oc-b6"/>
            <object_component_ref idref="oc-7c"/>
            <object_component_ref idref="oc-6b"/>
            <object_component_ref idref="oc-a4"/>
            <object_component_ref idref="oc-80"/>
            <object_component_ref idref="oc-147"/>
            <object_component_ref idref="oc-123"/>
            <object_component_ref idref="oc-14b"/>
            <object_component_ref idref="oc-15f"/>
            <object_component_ref idref="oc-150"/>
            <object_component_ref idref="oc-155"/>
            <object_component_ref idref="oc-c3"/>
            <object_component_ref idref="oc-119"/>
            <object_component_ref idref="oc-199"/>
         </contents>
      </logical_group>
      <logical_group id="lg-182" display="never" color="cyan">
         <name>.debug_str</name>
         <load_address>0x0</load_address>
         <run_address>0x0</run_address>
         <size>0x1643</size>
         <contents>
            <object_component_ref idref="oc-74"/>
            <object_component_ref idref="oc-3a"/>
            <object_component_ref idref="oc-b1"/>
            <object_component_ref idref="oc-79"/>
            <object_component_ref idref="oc-8d"/>
            <object_component_ref idref="oc-bf"/>
            <object_component_ref idref="oc-45"/>
            <object_component_ref idref="oc-85"/>
            <object_component_ref idref="oc-35"/>
            <object_component_ref idref="oc-b8"/>
            <object_component_ref idref="oc-7e"/>
            <object_component_ref idref="oc-14d"/>
            <object_component_ref idref="oc-161"/>
            <object_component_ref idref="oc-152"/>
            <object_component_ref idref="oc-157"/>
         </contents>
      </logical_group>
      <logical_group id="lg-184" display="never" color="cyan">
         <name>.debug_aranges</name>
         <load_address>0x0</load_address>
         <run_address>0x0</run_address>
         <size>0x188</size>
         <contents>
            <object_component_ref idref="oc-9d"/>
            <object_component_ref idref="oc-29"/>
            <object_component_ref idref="oc-4a"/>
            <object_component_ref idref="oc-1e"/>
            <object_component_ref idref="oc-19"/>
            <object_component_ref idref="oc-5b"/>
            <object_component_ref idref="oc-3c"/>
            <object_component_ref idref="oc-e2"/>
            <object_component_ref idref="oc-99"/>
            <object_component_ref idref="oc-d5"/>
         </contents>
      </logical_group>
      <logical_group id="lg-186" display="never" color="cyan">
         <name>.debug_pubnames</name>
         <load_address>0x0</load_address>
         <run_address>0x0</run_address>
         <size>0x323</size>
         <contents>
            <object_component_ref idref="oc-b3"/>
            <object_component_ref idref="oc-cf"/>
            <object_component_ref idref="oc-ca"/>
            <object_component_ref idref="oc-c6"/>
            <object_component_ref idref="oc-9e"/>
            <object_component_ref idref="oc-14"/>
            <object_component_ref idref="oc-2a"/>
            <object_component_ref idref="oc-49"/>
            <object_component_ref idref="oc-1f"/>
            <object_component_ref idref="oc-18"/>
            <object_component_ref idref="oc-26"/>
            <object_component_ref idref="oc-5c"/>
            <object_component_ref idref="oc-3f"/>
            <object_component_ref idref="oc-e4"/>
            <object_component_ref idref="oc-98"/>
            <object_component_ref idref="oc-d7"/>
         </contents>
      </logical_group>
      <logical_group id="lg-188" display="never" color="cyan">
         <name>.debug_pubtypes</name>
         <load_address>0x0</load_address>
         <run_address>0x0</run_address>
         <size>0x9a5</size>
         <contents>
            <object_component_ref idref="oc-71"/>
            <object_component_ref idref="oc-37"/>
            <object_component_ref idref="oc-ae"/>
            <object_component_ref idref="oc-76"/>
            <object_component_ref idref="oc-8a"/>
            <object_component_ref idref="oc-bc"/>
            <object_component_ref idref="oc-42"/>
            <object_component_ref idref="oc-82"/>
            <object_component_ref idref="oc-32"/>
            <object_component_ref idref="oc-b5"/>
            <object_component_ref idref="oc-7b"/>
            <object_component_ref idref="oc-14a"/>
            <object_component_ref idref="oc-15e"/>
            <object_component_ref idref="oc-14f"/>
            <object_component_ref idref="oc-154"/>
         </contents>
      </logical_group>
      <logical_group id="lg-196" display="no" color="cyan">
         <name>Veneer$$CMSE</name>
         <run_address>0x0</run_address>
         <size>0x0</size>
         <contents>
         </contents>
      </logical_group>
      <load_segment id="lg-19c" display="no" color="cyan">
         <name>SEGMENT_0</name>
         <load_address>0x0</load_address>
         <run_address>0x0</run_address>
         <size>0x918</size>
         <flags>0x5</flags>
         <contents>
            <logical_group_ref idref="lg-3"/>
            <logical_group_ref idref="lg-4"/>
            <logical_group_ref idref="lg-6"/>
         </contents>
      </load_segment>
      <load_segment id="lg-19d" display="no" color="cyan">
         <name>SEGMENT_1</name>
         <run_address>0x20000000</run_address>
         <size>0x240</size>
         <flags>0x6</flags>
         <contents>
            <logical_group_ref idref="lg-d"/>
            <logical_group_ref idref="lg-a"/>
            <logical_group_ref idref="lg-b"/>
         </contents>
      </load_segment>
   </logical_group_list>
   <placement_map>
      <memory_area display="yes" color="green">
         <name>FLASH</name>
         <page_id>0x0</page_id>
         <origin>0x0</origin>
         <length>0x40000</length>
         <used_space>0x916</used_space>
         <unused_space>0x3f6ea</unused_space>
         <attributes>RX</attributes>
         <usage_details>
            <allocated_space>
               <start_address>0x0</start_address>
               <size>0x26c</size>
               <logical_group_ref idref="lg-3"/>
            </allocated_space>
            <allocated_space>
               <start_address>0x26c</start_address>
               <size>0x65a</size>
               <logical_group_ref idref="lg-4"/>
            </allocated_space>
            <available_space>
               <start_address>0x8c6</start_address>
               <size>0x2</size>
            </available_space>
            <allocated_space>
               <start_address>0x8c8</start_address>
               <size>0x50</size>
               <logical_group_ref idref="lg-6"/>
            </allocated_space>
            <available_space>
               <start_address>0x918</start_address>
               <size>0x3f6e8</size>
            </available_space>
         </usage_details>
      </memory_area>
      <memory_area display="yes" color="green">
         <name>SRAM</name>
         <page_id>0x0</page_id>
         <origin>0x20000000</origin>
         <length>0x8000</length>
         <used_space>0x240</used_space>
         <unused_space>0x7dc0</unused_space>
         <attributes>RWX</attributes>
         <usage_details>
            <allocated_space>
               <start_address>0x20000000</start_address>
               <size>0x0</size>
               <logical_group_ref idref="lg-16b"/>
            </allocated_space>
            <allocated_space>
               <start_address>0x20000000</start_address>
               <size>0x200</size>
               <logical_group_ref idref="lg-d"/>
            </allocated_space>
            <allocated_space>
               <start_address>0x20000200</start_address>
               <size>0x2c</size>
               <logical_group_ref idref="lg-a"/>
            </allocated_space>
            <allocated_space>
               <start_address>0x2000022c</start_address>
               <size>0x14</size>
               <logical_group_ref idref="lg-b"/>
            </allocated_space>
            <available_space>
               <start_address>0x20000240</start_address>
               <size>0x7dc0</size>
            </available_space>
         </usage_details>
      </memory_area>
   </placement_map>
   <cptbl_list>
      <cptbl>
         <name>__TI_cinit_table</name>
         <cprec>
            <name>.data</name>
            <load_address>0x8c8</load_address>
            <load_size>0x25</load_size>
            <run_address>0x20000200</run_address>
            <run_size>0x2c</run_size>
            <compression>lzss</compression>
         </cprec>
         <cprec>
            <name>.bss</name>
            <load_address>0x900</load_address>
            <load_size>0x8</load_size>
            <run_address>0x2000022c</run_address>
            <run_size>0x14</run_size>
            <compression>zero_init</compression>
         </cprec>
      </cptbl>
   </cptbl_list>
   <handler_table>
      <handler_table_name>__TI_handler_table</handler_table_name>
      <handler>
         <index>0x0</index>
         <name>__TI_decompress_lzss</name>
      </handler>
      <handler>
         <index>0x1</index>
         <name>__TI_decompress_none</name>
      </handler>
      <handler>
         <index>0x2</index>
         <name>__TI_zero_init</name>
      </handler>
   </handler_table>
   <symbol_table>
      <symbol id="sm-1">
         <name>__STACK_TOP</name>
         <value>0x20000200</value>
      </symbol>
      <symbol id="sm-2">
         <name>__start___llvm_prf_cnts</name>
         <value>0x20000000</value>
      </symbol>
      <symbol id="sm-3">
         <name>__stop___llvm_prf_cnts</name>
         <value>0x20000000</value>
      </symbol>
      <symbol id="sm-4">
         <name>__TI_CINIT_Base</name>
         <value>0x908</value>
      </symbol>
      <symbol id="sm-5">
         <name>__TI_CINIT_Limit</name>
         <value>0x918</value>
      </symbol>
      <symbol id="sm-6">
         <name>__TI_Handler_Table_Base</name>
         <value>0x8f0</value>
      </symbol>
      <symbol id="sm-7">
         <name>__TI_Handler_Table_Limit</name>
         <value>0x8fc</value>
      </symbol>
      <symbol id="sm-8">
         <name>binit</name>
         <value>0xffffffff</value>
      </symbol>
      <symbol id="sm-9">
         <name>__binit__</name>
         <value>0xffffffff</value>
      </symbol>
      <symbol id="sm-a">
         <name>__STACK_SIZE</name>
         <value>0x200</value>
      </symbol>
      <symbol id="sm-b">
         <name>__STACK_END</name>
         <value>0x20000200</value>
      </symbol>
      <symbol id="sm-c">
         <name>__c_args__</name>
         <value>0xffffffff</value>
      </symbol>
      <symbol id="sm-d">
         <name>__TI_pprof_out_hndl</name>
         <value>0xffffffff</value>
      </symbol>
      <symbol id="sm-e">
         <name>__TI_prof_data_start</name>
         <value>0xffffffff</value>
      </symbol>
      <symbol id="sm-f">
         <name>__TI_prof_data_size</name>
         <value>0xffffffff</value>
      </symbol>
      <symbol id="sm-b2">
         <name>colourptr</name>
         <value>0x20000238</value>
      </symbol>
      <symbol id="sm-b3">
         <name>timeptr</name>
         <value>0x2000023c</value>
      </symbol>
      <symbol id="sm-b4">
         <name>LED_status_flag</name>
         <value>0x20000234</value>
      </symbol>
      <symbol id="sm-b5">
         <name>LED_TOGGLE_TIMESTAMP</name>
         <value>0x20000230</value>
      </symbol>
      <symbol id="sm-b6">
         <name>LED_TOGGLE_NEXT_TIMESTAMP</name>
         <value>0x2000022c</value>
      </symbol>
      <symbol id="sm-b7">
         <name>Timer0A_Init</name>
         <value>0x27f</value>
         <object_component_ref idref="oc-9b"/>
      </symbol>
      <symbol id="sm-b8">
         <name>colour</name>
         <value>0x20000200</value>
         <object_component_ref idref="oc-cd"/>
      </symbol>
      <symbol id="sm-b9">
         <name>millisec_to_micro_offset</name>
         <value>0x26d</value>
         <object_component_ref idref="oc-9b"/>
      </symbol>
      <symbol id="sm-ba">
         <name>update_new_toggle_next</name>
         <value>0x20000228</value>
         <object_component_ref idref="oc-c4"/>
      </symbol>
      <symbol id="sm-bb">
         <name>main</name>
         <value>0x5a9</value>
         <object_component_ref idref="oc-9b"/>
      </symbol>
      <symbol id="sm-bc">
         <name>delay</name>
         <value>0x453</value>
         <object_component_ref idref="oc-9b"/>
      </symbol>
      <symbol id="sm-bd">
         <name>toggler</name>
         <value>0x375</value>
         <object_component_ref idref="oc-9b"/>
      </symbol>
      <symbol id="sm-be">
         <name>Init_Port</name>
         <value>0x2c1</value>
         <object_component_ref idref="oc-9b"/>
      </symbol>
      <symbol id="sm-bf">
         <name>display</name>
         <value>0x477</value>
         <object_component_ref idref="oc-9b"/>
      </symbol>
      <symbol id="sm-c0">
         <name>period</name>
         <value>0x20000220</value>
         <object_component_ref idref="oc-c8"/>
      </symbol>
      <symbol id="sm-dc">
         <name>ResetISR</name>
         <value>0x8b3</value>
         <object_component_ref idref="oc-27"/>
      </symbol>
      <symbol id="sm-dd">
         <name>g_pfnVectors</name>
         <value>0x0</value>
         <object_component_ref idref="oc-12"/>
      </symbol>
      <symbol id="sm-f6">
         <name>__TI_zero_init_nomemset</name>
         <value>0x889</value>
         <object_component_ref idref="oc-47"/>
      </symbol>
      <symbol id="sm-10d">
         <name>__TI_decompress_none</name>
         <value>0x8a5</value>
         <object_component_ref idref="oc-1b"/>
      </symbol>
      <symbol id="sm-130">
         <name>__TI_decompress_lzss</name>
         <value>0x7a9</value>
         <object_component_ref idref="oc-15"/>
      </symbol>
      <symbol id="sm-143">
         <name>__stack</name>
         <value>0x20000000</value>
         <object_component_ref idref="oc-24"/>
      </symbol>
      <symbol id="sm-144">
         <name>_c_int00_noargs</name>
         <value>0x855</value>
         <object_component_ref idref="oc-59"/>
      </symbol>
      <symbol id="sm-15f">
         <name>memcpy</name>
         <value>0x70d</value>
         <object_component_ref idref="oc-3b"/>
      </symbol>
      <symbol id="sm-160">
         <name>__aeabi_memcpy</name>
         <value>0x70d</value>
         <object_component_ref idref="oc-3b"/>
      </symbol>
      <symbol id="sm-161">
         <name>__aeabi_memcpy8</name>
         <value>0x70d</value>
         <object_component_ref idref="oc-3b"/>
      </symbol>
      <symbol id="sm-162">
         <name>__aeabi_memcpy4</name>
         <value>0x70d</value>
         <object_component_ref idref="oc-3b"/>
      </symbol>
      <symbol id="sm-18b">
         <name>__TI_auto_init_nobinit_nopinit</name>
         <value>0x811</value>
         <object_component_ref idref="oc-df"/>
      </symbol>
      <symbol id="sm-195">
         <name>_system_pre_init</name>
         <value>0x8bf</value>
         <object_component_ref idref="oc-95"/>
      </symbol>
      <symbol id="sm-1a1">
         <name>C$$EXIT</name>
         <value>0x8c3</value>
         <object_component_ref idref="oc-d3"/>
      </symbol>
      <symbol id="sm-1a2">
         <name>abort</name>
         <value>0x8c3</value>
         <object_component_ref idref="oc-d3"/>
      </symbol>
      <symbol id="sm-1a5">
         <name>__TI_static_base__</name>
         <value>0x0</value>
      </symbol>
      <symbol id="sm-1a8">
         <name>__mpu_init</name>
         <value>0x0</value>
      </symbol>
      <symbol id="sm-1a9">
         <name>_system_post_cinit</name>
         <value>0x0</value>
      </symbol>
   </symbol_table>
   <title>Link successful</title>
</link_info>
